program, blocksize, inputsize, outputsize, speed, time
standaard decompression,1028,87665464,198794280,45751370,4.345
standaard decompression,2048,86084877,198794280,53257088,3.733
standaard decompression,3076,85592347,198794280,55329601,3.593
standaard decompression,4096,85387080,198794280,58307223,3.409
standaard decompression,6144,85228461,198794280,59005999,3.369
standaard decompression,8192,85172712,198794280,61415589,3.237
standaard decompression,12288,85127920,198794280,62908069,3.160
standaard decompression,16384,85119827,198794280,61892874,3.212
standaard decompression,24576,85125295,198794280,62843219,3.163
standaard decompression,32768,85152886,198794280,64317026,3.091
standaard decompression,49152,85217093,198794280,63735031,3.119
standaard_decompression 1028 87665464 198794280 23737307 8.37476
standaard_decompression 2048 86084877 198794280 33344075 5.96191
standaard_decompression 3076 85592347 198794280 44312862 4.48615
standaard_decompression 4096 85387080 198794280 53785545 3.69605
standaard_decompression 6144 85228461 198794280 60284662 3.29759
standaard_decompression 8192 85172712 198794280 61422971 3.23648
standaard_decompression 12288 85127920 198794280 61796386 3.21692
standaard_decompression 16384 85119827 198794280 61985991 3.20708
standaard_decompression 24576 85125295 198794280 63263839 3.14230
standaard_decompression 32768 85152886 198794280 63460969 3.13254
standaard_decompression 49152 85217093 198794280 63767926 3.11747
