program, blocksize, inputsize, outputsize, speed, time
standaard compression,32767,13479,6063,19851251,0.001
standaard compression,32767,69787,30943,23262333,0.003
standaard compression,32767,144826,63627,31878934,0.005
standaard compression,32767,748148,325930,42554348,0.018
standaard compression,32767,1548286,670898,65769763,0.024
standaard compression,32767,7984021,3444519,83942478,0.095
standaard compression,32767,16481711,7079616,83506667,0.197
standaard compression,32767,84823391,36296762,83304909,1.018
standaard compression,32767,174825704,74532176,83394050,2.096
standaard compression,32767,898257477,381733264,83363524,10.775
standaard_compression 32767 13479 6063 19173541 0.00070
standaard_compression 32767 69787 30943 33583734 0.00208
standaard_compression 32767 144826 63627 40029297 0.00362
standaard_compression 32767 748148 325930 48908151 0.01530
standaard_compression 32767 1548286 670898 68590174 0.02257
standaard_compression 32767 7984021 3444519 82990530 0.09620
standaard_compression 32767 16481711 7079616 82746990 0.19918
standaard_compression 32767 84823391 36296762 82601332 1.02690
standaard_compression 32767 174825704 74532176 81808173 2.13702
standaard_compression 32767 898257477 381733264 82150395 10.93431
