program, blocksize, inputsize, outputsize, speed, time
specifiek decompression,32767,4385,13479,23159793,0.001
specifiek decompression,32767,21881,69787,35033634,0.002
specifiek decompression,32767,43742,144826,48911178,0.003
specifiek decompression,32767,218711,748148,78686159,0.010
specifiek decompression,32767,437434,1548286,113079608,0.014
specifiek decompression,32767,2187225,7984021,115772530,0.069
specifiek decompression,32767,4374551,16481711,117999591,0.140
specifiek decompression,32767,21873412,84823391,121825428,0.696
specifiek decompression,32767,43748219,174825704,123601349,1.414
specifiek decompression,32767,218758027,898257477,124718384,7.202
specifiek_decompression 32767 4385 13479 30289887 0.00044
specifiek_decompression 32767 21881 69787 45642249 0.00153
specifiek_decompression 32767 43742 144826 55025075 0.00263
specifiek_decompression 32767 218711 748148 84023809 0.00890
specifiek_decompression 32767 437434 1548286 111660608 0.01387
specifiek_decompression 32767 2187225 7984021 114717890 0.06960
specifiek_decompression 32767 4374551 16481711 117201611 0.14063
specifiek_decompression 32767 21873412 84823391 119630644 0.70904
specifiek_decompression 32767 43748219 174825704 121640812 1.43723
specifiek_decompression 32767 218758027 898257477 122657155 7.32332
