program, blocksize, inputsize, outputsize, speed, time
specifiek decompression,32767,7360,19872,36731977,0.001
specifiek decompression,32767,36174,99358,54592307,0.002
specifiek decompression,32767,71170,198785,120184401,0.002
specifiek decompression,32767,329566,993980,67918004,0.015
specifiek decompression,32767,641464,1987832,127091106,0.016
specifiek decompression,32767,3160587,9939789,128190833,0.078
specifiek decompression,32767,6266121,19879307,127882322,0.155
specifiek decompression,32767,29639765,99397118,125843827,0.790
specifiek decompression,32767,56782159,198794280,127615637,1.558
specifiek decompression,32767,267948293,993973974,128273078,7.749
specifiek_decompression 32767 7360 19872 27221917 0.00073
specifiek_decompression 32767 36174 99358 115130938 0.00086
specifiek_decompression 32767 71170 198785 119104254 0.00167
specifiek_decompression 32767 329566 993980 124061407 0.00801
specifiek_decompression 32767 641464 1987832 124068905 0.01602
specifiek_decompression 32767 3160587 9939789 125310939 0.07932
specifiek_decompression 32767 6266121 19879307 124163410 0.16011
specifiek_decompression 32767 29639765 99397118 123152953 0.80710
specifiek_decompression 32767 56782159 198794280 124382157 1.59825
specifiek_decompression 32767 267948293 993973974 126919075 7.83156
