program, blocksize, inputsize, outputsize, speed, time
standaard compression,32767,19872,8882,63897106,0.000
standaard compression,32767,99358,43772,28616935,0.003
standaard compression,32767,198785,87213,56408910,0.004
standaard compression,32767,993980,432988,84615646,0.012
standaard compression,32767,1987832,864506,54749146,0.036
standaard compression,32767,9939789,4296990,85165828,0.117
standaard compression,32767,19879307,8580361,84892266,0.234
standaard compression,32767,99397118,42678522,84017610,1.183
standaard compression,32767,198794280,85152584,83658964,2.376
standaard compression,32767,993973974,423983207,83802349,11.861
standaard_compression 32767 19872 8882 60585365 0.00033
standaard_compression 32767 99358 43772 30837368 0.00322
standaard_compression 32767 198785 87213 81203022 0.00245
standaard_compression 32767 993980 432988 83738837 0.01187
standaard_compression 32767 1987832 864506 83575026 0.02379
standaard_compression 32767 9939789 4296990 83316197 0.11930
standaard_compression 32767 19879307 8580361 83380758 0.23842
standaard_compression 32767 99397118 42678522 82809056 1.20032
standaard_compression 32767 198794280 85152584 82295344 2.41562
standaard_compression 32767 993973974 423983207 82379075 12.06586
